AppInfo,SampleSearchKeyword
App_0,learning Description for App_0 offering a unique set of features.  learning
App_1,fitness Description for App_1 offering a unique set of features.  fitness
App_2,learning Description for App_2 offering a unique set of features.  learning
App_3,music Description for App_3 offering a unique set of features.  music
App_4,yoga Description for App_4 offering a unique set of features.  yoga
App_5,news Description for App_5 offering a unique set of features.  news
App_6,well-being Description for App_6 offering a unique set of features.  well-being
App_7,music Description for App_7 offering a unique set of features.  music
App_8,gaming Description for App_8 offering a unique set of features.  gaming
App_9,learning Description for App_9 offering a unique set of features.  learning
App_10,music Description for App_10 offering a unique set of features.  music
App_11,education Description for App_11 offering a unique set of features.  education
App_12,well-being Description for App_12 offering a unique set of features.  well-being
App_13,technology Description for App_13 offering a unique set of features.  technology
App_14,productivity Description for App_14 offering a unique set of features.  productivity
App_15,yoga Description for App_15 offering a unique set of features.  yoga
App_16,art Description for App_16 offering a unique set of features.  art
App_17,finance Description for App_17 offering a unique set of features.  finance
App_18,fitness Description for App_18 offering a unique set of features.  fitness
App_19,lifestyle Description for App_19 offering a unique set of features.  lifestyle
App_20,health Description for App_20 offering a unique set of features.  health
App_21,sports Description for App_21 offering a unique set of features.  sports
App_22,cooking Description for App_22 offering a unique set of features.  cooking
App_23,gaming Description for App_23 offering a unique set of features.  gaming
App_24,health Description for App_24 offering a unique set of features.  health
App_25,travel Description for App_25 offering a unique set of features.  travel
App_26,health Description for App_26 offering a unique set of features.  health
App_27,meditation Description for App_27 offering a unique set of features.  meditation
App_28,entertainment Description for App_28 offering a unique set of features.  entertainment
App_29,technology Description for App_29 offering a unique set of features.  technology
App_30,art Description for App_30 offering a unique set of features.  art
App_31,music Description for App_31 offering a unique set of features.  music
App_32,lifestyle Description for App_32 offering a unique set of features.  lifestyle
App_33,entertainment Description for App_33 offering a unique set of features.  entertainment
App_34,sports Description for App_34 offering a unique set of features.  sports
App_35,productivity Description for App_35 offering a unique set of features.  productivity
App_36,finance Description for App_36 offering a unique set of features.  finance
App_37,learning Description for App_37 offering a unique set of features.  learning
App_38,news Description for App_38 offering a unique set of features.  news
App_39,shopping Description for App_39 offering a unique set of features.  shopping
App_40,cooking Description for App_40 offering a unique set of features.  cooking
App_41,music Description for App_41 offering a unique set of features.  music
App_42,investment Description for App_42 offering a unique set of features.  investment
App_43,finance Description for App_43 offering a unique set of features.  finance
App_44,lifestyle Description for App_44 offering a unique set of features.  lifestyle
App_45,lifestyle Description for App_45 offering a unique set of features.  lifestyle
App_46,sports Description for App_46 offering a unique set of features.  sports
App_47,design Description for App_47 offering a unique set of features.  design
App_48,health Description for App_48 offering a unique set of features.  health
App_49,meditation Description for App_49 offering a unique set of features.  meditation
App_50,yoga Description for App_50 offering a unique set of features.  yoga
App_51,sports Description for App_51 offering a unique set of features.  sports
App_52,health Description for App_52 offering a unique set of features.  health
App_53,education Description for App_53 offering a unique set of features.  education
App_54,news Description for App_54 offering a unique set of features.  news
App_55,shopping Description for App_55 offering a unique set of features.  shopping
App_56,sports Description for App_56 offering a unique set of features.  sports
App_57,language learning Description for App_57 offering a unique set of features.  language learning
App_58,music Description for App_58 offering a unique set of features.  music
App_59,investment Description for App_59 offering a unique set of features.  investment
App_60,cooking Description for App_60 offering a unique set of features.  cooking
App_61,well-being Description for App_61 offering a unique set of features.  well-being
App_62,yoga Description for App_62 offering a unique set of features.  yoga
App_63,language learning Description for App_63 offering a unique set of features.  language learning
App_64,technology Description for App_64 offering a unique set of features.  technology
App_65,investment Description for App_65 offering a unique set of features.  investment
App_66,finance Description for App_66 offering a unique set of features.  finance
App_67,lifestyle Description for App_67 offering a unique set of features.  lifestyle
App_68,gaming Description for App_68 offering a unique set of features.  gaming
App_69,music Description for App_69 offering a unique set of features.  music
App_70,yoga Description for App_70 offering a unique set of features.  yoga
App_71,coding Description for App_71 offering a unique set of features.  coding
App_72,yoga Description for App_72 offering a unique set of features.  yoga
App_73,news Description for App_73 offering a unique set of features.  news
App_74,music Description for App_74 offering a unique set of features.  music
App_75,sports Description for App_75 offering a unique set of features.  sports
App_76,news Description for App_76 offering a unique set of features.  news
App_77,finance Description for App_77 offering a unique set of features.  finance
App_78,well-being Description for App_78 offering a unique set of features.  well-being
App_79,shopping Description for App_79 offering a unique set of features.  shopping
App_80,meditation Description for App_80 offering a unique set of features.  meditation
App_81,yoga Description for App_81 offering a unique set of features.  yoga
App_82,shopping Description for App_82 offering a unique set of features.  shopping
App_83,meditation Description for App_83 offering a unique set of features.  meditation
App_84,entertainment Description for App_84 offering a unique set of features.  entertainment
App_85,health Description for App_85 offering a unique set of features.  health
App_86,art Description for App_86 offering a unique set of features.  art
App_87,yoga Description for App_87 offering a unique set of features.  yoga
App_88,finance Description for App_88 offering a unique set of features.  finance
App_89,fitness Description for App_89 offering a unique set of features.  fitness
App_90,music Description for App_90 offering a unique set of features.  music
App_91,technology Description for App_91 offering a unique set of features.  technology
App_92,well-being Description for App_92 offering a unique set of features.  well-being
App_93,finance Description for App_93 offering a unique set of features.  finance
App_94,technology Description for App_94 offering a unique set of features.  technology
App_95,education Description for App_95 offering a unique set of features.  education
App_96,photography Description for App_96 offering a unique set of features.  photography
App_97,lifestyle Description for App_97 offering a unique set of features.  lifestyle
App_98,investment Description for App_98 offering a unique set of features.  investment
App_99,art Description for App_99 offering a unique set of features.  art
App_100,music Description for App_100 offering a unique set of features.  music
App_101,gaming Description for App_101 offering a unique set of features.  gaming
App_102,design Description for App_102 offering a unique set of features.  design
App_103,technology Description for App_103 offering a unique set of features.  technology
App_104,news Description for App_104 offering a unique set of features.  news
App_105,productivity Description for App_105 offering a unique set of features.  productivity
App_106,news Description for App_106 offering a unique set of features.  news
App_107,investment Description for App_107 offering a unique set of features.  investment
App_108,yoga Description for App_108 offering a unique set of features.  yoga
App_109,technology Description for App_109 offering a unique set of features.  technology
App_110,photography Description for App_110 offering a unique set of features.  photography
App_111,meditation Description for App_111 offering a unique set of features.  meditation
App_112,health Description for App_112 offering a unique set of features.  health
App_113,meditation Description for App_113 offering a unique set of features.  meditation
App_114,well-being Description for App_114 offering a unique set of features.  well-being
App_115,productivity Description for App_115 offering a unique set of features.  productivity
App_116,lifestyle Description for App_116 offering a unique set of features.  lifestyle
App_117,technology Description for App_117 offering a unique set of features.  technology
App_118,language learning Description for App_118 offering a unique set of features.  language learning
App_119,health Description for App_119 offering a unique set of features.  health
App_120,sports Description for App_120 offering a unique set of features.  sports
App_121,gaming Description for App_121 offering a unique set of features.  gaming
App_122,language learning Description for App_122 offering a unique set of features.  language learning
App_123,investment Description for App_123 offering a unique set of features.  investment
App_124,investment Description for App_124 offering a unique set of features.  investment
App_125,meditation Description for App_125 offering a unique set of features.  meditation
App_126,technology Description for App_126 offering a unique set of features.  technology
App_127,meditation Description for App_127 offering a unique set of features.  meditation
App_128,fitness Description for App_128 offering a unique set of features.  fitness
App_129,design Description for App_129 offering a unique set of features.  design
App_130,entertainment Description for App_130 offering a unique set of features.  entertainment
App_131,music Description for App_131 offering a unique set of features.  music
App_132,news Description for App_132 offering a unique set of features.  news
App_133,gaming Description for App_133 offering a unique set of features.  gaming
App_134,health Description for App_134 offering a unique set of features.  health
App_135,news Description for App_135 offering a unique set of features.  news
App_136,travel Description for App_136 offering a unique set of features.  travel
App_137,learning Description for App_137 offering a unique set of features.  learning
App_138,coding Description for App_138 offering a unique set of features.  coding
App_139,sports Description for App_139 offering a unique set of features.  sports
App_140,art Description for App_140 offering a unique set of features.  art
App_141,language learning Description for App_141 offering a unique set of features.  language learning
App_142,lifestyle Description for App_142 offering a unique set of features.  lifestyle
App_143,language learning Description for App_143 offering a unique set of features.  language learning
App_144,learning Description for App_144 offering a unique set of features.  learning
App_145,investment Description for App_145 offering a unique set of features.  investment
App_146,fitness Description for App_146 offering a unique set of features.  fitness
App_147,learning Description for App_147 offering a unique set of features.  learning
App_148,technology Description for App_148 offering a unique set of features.  technology
App_149,design Description for App_149 offering a unique set of features.  design
App_150,gaming Description for App_150 offering a unique set of features.  gaming
App_151,fitness Description for App_151 offering a unique set of features.  fitness
App_152,yoga Description for App_152 offering a unique set of features.  yoga
App_153,productivity Description for App_153 offering a unique set of features.  productivity
App_154,sports Description for App_154 offering a unique set of features.  sports
App_155,cooking Description for App_155 offering a unique set of features.  cooking
App_156,news Description for App_156 offering a unique set of features.  news
App_157,yoga Description for App_157 offering a unique set of features.  yoga
App_158,well-being Description for App_158 offering a unique set of features.  well-being
App_159,art Description for App_159 offering a unique set of features.  art
App_160,investment Description for App_160 offering a unique set of features.  investment
App_161,gaming Description for App_161 offering a unique set of features.  gaming
App_162,news Description for App_162 offering a unique set of features.  news
App_163,fitness Description for App_163 offering a unique set of features.  fitness
App_164,sports Description for App_164 offering a unique set of features.  sports
App_165,news Description for App_165 offering a unique set of features.  news
App_166,gaming Description for App_166 offering a unique set of features.  gaming
App_167,productivity Description for App_167 offering a unique set of features.  productivity
App_168,finance Description for App_168 offering a unique set of features.  finance
App_169,productivity Description for App_169 offering a unique set of features.  productivity
App_170,learning Description for App_170 offering a unique set of features.  learning
App_171,travel Description for App_171 offering a unique set of features.  travel
App_172,technology Description for App_172 offering a unique set of features.  technology
App_173,language learning Description for App_173 offering a unique set of features.  language learning
App_174,shopping Description for App_174 offering a unique set of features.  shopping
App_175,coding Description for App_175 offering a unique set of features.  coding
App_176,productivity Description for App_176 offering a unique set of features.  productivity
App_177,travel Description for App_177 offering a unique set of features.  travel
App_178,education Description for App_178 offering a unique set of features.  education
App_179,design Description for App_179 offering a unique set of features.  design
App_180,technology Description for App_180 offering a unique set of features.  technology
App_181,coding Description for App_181 offering a unique set of features.  coding
App_182,learning Description for App_182 offering a unique set of features.  learning
App_183,art Description for App_183 offering a unique set of features.  art
App_184,fitness Description for App_184 offering a unique set of features.  fitness
App_185,lifestyle Description for App_185 offering a unique set of features.  lifestyle
App_186,shopping Description for App_186 offering a unique set of features.  shopping
App_187,productivity Description for App_187 offering a unique set of features.  productivity
App_188,meditation Description for App_188 offering a unique set of features.  meditation
App_189,technology Description for App_189 offering a unique set of features.  technology
App_190,fitness Description for App_190 offering a unique set of features.  fitness
App_191,well-being Description for App_191 offering a unique set of features.  well-being
App_192,education Description for App_192 offering a unique set of features.  education
App_193,education Description for App_193 offering a unique set of features.  education
App_194,education Description for App_194 offering a unique set of features.  education
App_195,travel Description for App_195 offering a unique set of features.  travel
App_196,language learning Description for App_196 offering a unique set of features.  language learning
App_197,art Description for App_197 offering a unique set of features.  art
App_198,language learning Description for App_198 offering a unique set of features.  language learning
App_199,music Description for App_199 offering a unique set of features.  music
App_200,shopping Description for App_200 offering a unique set of features.  shopping
App_201,health Description for App_201 offering a unique set of features.  health
App_202,news Description for App_202 offering a unique set of features.  news
App_203,design Description for App_203 offering a unique set of features.  design
App_204,education Description for App_204 offering a unique set of features.  education
App_205,health Description for App_205 offering a unique set of features.  health
App_206,language learning Description for App_206 offering a unique set of features.  language learning
App_207,music Description for App_207 offering a unique set of features.  music
App_208,travel Description for App_208 offering a unique set of features.  travel
App_209,meditation Description for App_209 offering a unique set of features.  meditation
App_210,photography Description for App_210 offering a unique set of features.  photography
App_211,news Description for App_211 offering a unique set of features.  news
App_212,fitness Description for App_212 offering a unique set of features.  fitness
App_213,art Description for App_213 offering a unique set of features.  art
App_214,learning Description for App_214 offering a unique set of features.  learning
App_215,art Description for App_215 offering a unique set of features.  art
App_216,travel Description for App_216 offering a unique set of features.  travel
App_217,fitness Description for App_217 offering a unique set of features.  fitness
App_218,finance Description for App_218 offering a unique set of features.  finance
App_219,coding Description for App_219 offering a unique set of features.  coding
App_220,technology Description for App_220 offering a unique set of features.  technology
App_221,well-being Description for App_221 offering a unique set of features.  well-being
App_222,well-being Description for App_222 offering a unique set of features.  well-being
App_223,travel Description for App_223 offering a unique set of features.  travel
App_224,fitness Description for App_224 offering a unique set of features.  fitness
App_225,learning Description for App_225 offering a unique set of features.  learning
App_226,productivity Description for App_226 offering a unique set of features.  productivity
App_227,travel Description for App_227 offering a unique set of features.  travel
App_228,gaming Description for App_228 offering a unique set of features.  gaming
App_229,fitness Description for App_229 offering a unique set of features.  fitness
App_230,cooking Description for App_230 offering a unique set of features.  cooking
App_231,productivity Description for App_231 offering a unique set of features.  productivity
App_232,well-being Description for App_232 offering a unique set of features.  well-being
App_233,design Description for App_233 offering a unique set of features.  design
App_234,finance Description for App_234 offering a unique set of features.  finance
App_235,shopping Description for App_235 offering a unique set of features.  shopping
App_236,photography Description for App_236 offering a unique set of features.  photography
App_237,shopping Description for App_237 offering a unique set of features.  shopping
App_238,health Description for App_238 offering a unique set of features.  health
App_239,shopping Description for App_239 offering a unique set of features.  shopping
App_240,investment Description for App_240 offering a unique set of features.  investment
App_241,education Description for App_241 offering a unique set of features.  education
App_242,entertainment Description for App_242 offering a unique set of features.  entertainment
App_243,language learning Description for App_243 offering a unique set of features.  language learning
App_244,education Description for App_244 offering a unique set of features.  education
App_245,photography Description for App_245 offering a unique set of features.  photography
App_246,meditation Description for App_246 offering a unique set of features.  meditation
App_247,finance Description for App_247 offering a unique set of features.  finance
App_248,education Description for App_248 offering a unique set of features.  education
App_249,finance Description for App_249 offering a unique set of features.  finance
App_250,shopping Description for App_250 offering a unique set of features.  shopping
App_251,well-being Description for App_251 offering a unique set of features.  well-being
App_252,photography Description for App_252 offering a unique set of features.  photography
App_253,design Description for App_253 offering a unique set of features.  design
App_254,design Description for App_254 offering a unique set of features.  design
App_255,health Description for App_255 offering a unique set of features.  health
App_256,entertainment Description for App_256 offering a unique set of features.  entertainment
App_257,shopping Description for App_257 offering a unique set of features.  shopping
App_258,design Description for App_258 offering a unique set of features.  design
App_259,investment Description for App_259 offering a unique set of features.  investment
App_260,lifestyle Description for App_260 offering a unique set of features.  lifestyle
App_261,investment Description for App_261 offering a unique set of features.  investment
App_262,music Description for App_262 offering a unique set of features.  music
App_263,coding Description for App_263 offering a unique set of features.  coding
App_264,well-being Description for App_264 offering a unique set of features.  well-being
App_265,language learning Description for App_265 offering a unique set of features.  language learning
App_266,investment Description for App_266 offering a unique set of features.  investment
App_267,coding Description for App_267 offering a unique set of features.  coding
App_268,entertainment Description for App_268 offering a unique set of features.  entertainment
App_269,language learning Description for App_269 offering a unique set of features.  language learning
App_270,entertainment Description for App_270 offering a unique set of features.  entertainment
App_271,lifestyle Description for App_271 offering a unique set of features.  lifestyle
App_272,technology Description for App_272 offering a unique set of features.  technology
App_273,music Description for App_273 offering a unique set of features.  music
App_274,well-being Description for App_274 offering a unique set of features.  well-being
App_275,travel Description for App_275 offering a unique set of features.  travel
App_276,finance Description for App_276 offering a unique set of features.  finance
App_277,music Description for App_277 offering a unique set of features.  music
App_278,news Description for App_278 offering a unique set of features.  news
App_279,design Description for App_279 offering a unique set of features.  design
App_280,investment Description for App_280 offering a unique set of features.  investment
App_281,photography Description for App_281 offering a unique set of features.  photography
App_282,coding Description for App_282 offering a unique set of features.  coding
App_283,photography Description for App_283 offering a unique set of features.  photography
App_284,entertainment Description for App_284 offering a unique set of features.  entertainment
App_285,shopping Description for App_285 offering a unique set of features.  shopping
App_286,art Description for App_286 offering a unique set of features.  art
App_287,cooking Description for App_287 offering a unique set of features.  cooking
App_288,photography Description for App_288 offering a unique set of features.  photography
App_289,design Description for App_289 offering a unique set of features.  design
App_290,health Description for App_290 offering a unique set of features.  health
App_291,design Description for App_291 offering a unique set of features.  design
App_292,coding Description for App_292 offering a unique set of features.  coding
App_293,cooking Description for App_293 offering a unique set of features.  cooking
App_294,shopping Description for App_294 offering a unique set of features.  shopping
App_295,investment Description for App_295 offering a unique set of features.  investment
App_296,design Description for App_296 offering a unique set of features.  design
App_297,cooking Description for App_297 offering a unique set of features.  cooking
App_298,technology Description for App_298 offering a unique set of features.  technology
App_299,learning Description for App_299 offering a unique set of features.  learning
App_300,sports Description for App_300 offering a unique set of features.  sports
App_301,entertainment Description for App_301 offering a unique set of features.  entertainment
App_302,coding Description for App_302 offering a unique set of features.  coding
App_303,lifestyle Description for App_303 offering a unique set of features.  lifestyle
App_304,travel Description for App_304 offering a unique set of features.  travel
App_305,photography Description for App_305 offering a unique set of features.  photography
App_306,travel Description for App_306 offering a unique set of features.  travel
App_307,learning Description for App_307 offering a unique set of features.  learning
App_308,fitness Description for App_308 offering a unique set of features.  fitness
App_309,gaming Description for App_309 offering a unique set of features.  gaming
App_310,fitness Description for App_310 offering a unique set of features.  fitness
App_311,cooking Description for App_311 offering a unique set of features.  cooking
App_312,technology Description for App_312 offering a unique set of features.  technology
App_313,cooking Description for App_313 offering a unique set of features.  cooking
App_314,gaming Description for App_314 offering a unique set of features.  gaming
App_315,shopping Description for App_315 offering a unique set of features.  shopping
App_316,news Description for App_316 offering a unique set of features.  news
App_317,education Description for App_317 offering a unique set of features.  education
App_318,travel Description for App_318 offering a unique set of features.  travel
App_319,finance Description for App_319 offering a unique set of features.  finance
App_320,technology Description for App_320 offering a unique set of features.  technology
App_321,entertainment Description for App_321 offering a unique set of features.  entertainment
App_322,health Description for App_322 offering a unique set of features.  health
App_323,finance Description for App_323 offering a unique set of features.  finance
App_324,language learning Description for App_324 offering a unique set of features.  language learning
App_325,coding Description for App_325 offering a unique set of features.  coding
App_326,yoga Description for App_326 offering a unique set of features.  yoga
App_327,yoga Description for App_327 offering a unique set of features.  yoga
App_328,well-being Description for App_328 offering a unique set of features.  well-being
App_329,language learning Description for App_329 offering a unique set of features.  language learning
App_330,investment Description for App_330 offering a unique set of features.  investment
App_331,gaming Description for App_331 offering a unique set of features.  gaming
App_332,travel Description for App_332 offering a unique set of features.  travel
App_333,productivity Description for App_333 offering a unique set of features.  productivity
App_334,music Description for App_334 offering a unique set of features.  music
App_335,gaming Description for App_335 offering a unique set of features.  gaming
App_336,yoga Description for App_336 offering a unique set of features.  yoga
App_337,education Description for App_337 offering a unique set of features.  education
App_338,news Description for App_338 offering a unique set of features.  news
App_339,sports Description for App_339 offering a unique set of features.  sports
App_340,health Description for App_340 offering a unique set of features.  health
App_341,meditation Description for App_341 offering a unique set of features.  meditation
App_342,gaming Description for App_342 offering a unique set of features.  gaming
App_343,design Description for App_343 offering a unique set of features.  design
App_344,coding Description for App_344 offering a unique set of features.  coding
App_345,travel Description for App_345 offering a unique set of features.  travel
App_346,photography Description for App_346 offering a unique set of features.  photography
App_347,sports Description for App_347 offering a unique set of features.  sports
App_348,language learning Description for App_348 offering a unique set of features.  language learning
App_349,fitness Description for App_349 offering a unique set of features.  fitness
App_350,learning Description for App_350 offering a unique set of features.  learning
App_351,gaming Description for App_351 offering a unique set of features.  gaming
App_352,photography Description for App_352 offering a unique set of features.  photography
App_353,lifestyle Description for App_353 offering a unique set of features.  lifestyle
App_354,shopping Description for App_354 offering a unique set of features.  shopping
App_355,gaming Description for App_355 offering a unique set of features.  gaming
App_356,art Description for App_356 offering a unique set of features.  art
App_357,sports Description for App_357 offering a unique set of features.  sports
App_358,travel Description for App_358 offering a unique set of features.  travel
App_359,coding Description for App_359 offering a unique set of features.  coding
App_360,education Description for App_360 offering a unique set of features.  education
App_361,finance Description for App_361 offering a unique set of features.  finance
App_362,gaming Description for App_362 offering a unique set of features.  gaming
App_363,entertainment Description for App_363 offering a unique set of features.  entertainment
App_364,coding Description for App_364 offering a unique set of features.  coding
App_365,art Description for App_365 offering a unique set of features.  art
App_366,photography Description for App_366 offering a unique set of features.  photography
App_367,entertainment Description for App_367 offering a unique set of features.  entertainment
App_368,news Description for App_368 offering a unique set of features.  news
App_369,yoga Description for App_369 offering a unique set of features.  yoga
App_370,design Description for App_370 offering a unique set of features.  design
App_371,health Description for App_371 offering a unique set of features.  health
App_372,language learning Description for App_372 offering a unique set of features.  language learning
App_373,investment Description for App_373 offering a unique set of features.  investment
App_374,well-being Description for App_374 offering a unique set of features.  well-being
App_375,investment Description for App_375 offering a unique set of features.  investment
App_376,sports Description for App_376 offering a unique set of features.  sports
App_377,gaming Description for App_377 offering a unique set of features.  gaming
App_378,coding Description for App_378 offering a unique set of features.  coding
App_379,yoga Description for App_379 offering a unique set of features.  yoga
App_380,fitness Description for App_380 offering a unique set of features.  fitness
App_381,music Description for App_381 offering a unique set of features.  music
App_382,well-being Description for App_382 offering a unique set of features.  well-being
App_383,art Description for App_383 offering a unique set of features.  art
App_384,yoga Description for App_384 offering a unique set of features.  yoga
App_385,yoga Description for App_385 offering a unique set of features.  yoga
App_386,investment Description for App_386 offering a unique set of features.  investment
App_387,productivity Description for App_387 offering a unique set of features.  productivity
App_388,photography Description for App_388 offering a unique set of features.  photography
App_389,education Description for App_389 offering a unique set of features.  education
App_390,sports Description for App_390 offering a unique set of features.  sports
App_391,music Description for App_391 offering a unique set of features.  music
App_392,art Description for App_392 offering a unique set of features.  art
App_393,health Description for App_393 offering a unique set of features.  health
App_394,cooking Description for App_394 offering a unique set of features.  cooking
App_395,productivity Description for App_395 offering a unique set of features.  productivity
App_396,photography Description for App_396 offering a unique set of features.  photography
App_397,art Description for App_397 offering a unique set of features.  art
App_398,productivity Description for App_398 offering a unique set of features.  productivity
App_399,photography Description for App_399 offering a unique set of features.  photography
App_400,coding Description for App_400 offering a unique set of features.  coding
App_401,photography Description for App_401 offering a unique set of features.  photography
App_402,entertainment Description for App_402 offering a unique set of features.  entertainment
App_403,sports Description for App_403 offering a unique set of features.  sports
App_404,art Description for App_404 offering a unique set of features.  art
App_405,sports Description for App_405 offering a unique set of features.  sports
App_406,design Description for App_406 offering a unique set of features.  design
App_407,finance Description for App_407 offering a unique set of features.  finance
App_408,technology Description for App_408 offering a unique set of features.  technology
App_409,sports Description for App_409 offering a unique set of features.  sports
App_410,lifestyle Description for App_410 offering a unique set of features.  lifestyle
App_411,yoga Description for App_411 offering a unique set of features.  yoga
App_412,sports Description for App_412 offering a unique set of features.  sports
App_413,learning Description for App_413 offering a unique set of features.  learning
App_414,travel Description for App_414 offering a unique set of features.  travel
App_415,investment Description for App_415 offering a unique set of features.  investment
App_416,lifestyle Description for App_416 offering a unique set of features.  lifestyle
App_417,entertainment Description for App_417 offering a unique set of features.  entertainment
App_418,fitness Description for App_418 offering a unique set of features.  fitness
App_419,sports Description for App_419 offering a unique set of features.  sports
App_420,meditation Description for App_420 offering a unique set of features.  meditation
App_421,yoga Description for App_421 offering a unique set of features.  yoga
App_422,meditation Description for App_422 offering a unique set of features.  meditation
App_423,art Description for App_423 offering a unique set of features.  art
App_424,meditation Description for App_424 offering a unique set of features.  meditation
App_425,well-being Description for App_425 offering a unique set of features.  well-being
App_426,gaming Description for App_426 offering a unique set of features.  gaming
App_427,fitness Description for App_427 offering a unique set of features.  fitness
App_428,finance Description for App_428 offering a unique set of features.  finance
App_429,education Description for App_429 offering a unique set of features.  education
App_430,well-being Description for App_430 offering a unique set of features.  well-being
App_431,cooking Description for App_431 offering a unique set of features.  cooking
App_432,news Description for App_432 offering a unique set of features.  news
App_433,photography Description for App_433 offering a unique set of features.  photography
App_434,technology Description for App_434 offering a unique set of features.  technology
App_435,productivity Description for App_435 offering a unique set of features.  productivity
App_436,entertainment Description for App_436 offering a unique set of features.  entertainment
App_437,productivity Description for App_437 offering a unique set of features.  productivity
App_438,fitness Description for App_438 offering a unique set of features.  fitness
App_439,sports Description for App_439 offering a unique set of features.  sports
App_440,travel Description for App_440 offering a unique set of features.  travel
App_441,investment Description for App_441 offering a unique set of features.  investment
App_442,travel Description for App_442 offering a unique set of features.  travel
App_443,gaming Description for App_443 offering a unique set of features.  gaming
App_444,well-being Description for App_444 offering a unique set of features.  well-being
App_445,gaming Description for App_445 offering a unique set of features.  gaming
App_446,cooking Description for App_446 offering a unique set of features.  cooking
App_447,music Description for App_447 offering a unique set of features.  music
App_448,sports Description for App_448 offering a unique set of features.  sports
App_449,meditation Description for App_449 offering a unique set of features.  meditation
App_450,finance Description for App_450 offering a unique set of features.  finance
App_451,fitness Description for App_451 offering a unique set of features.  fitness
App_452,shopping Description for App_452 offering a unique set of features.  shopping
App_453,technology Description for App_453 offering a unique set of features.  technology
App_454,learning Description for App_454 offering a unique set of features.  learning
App_455,productivity Description for App_455 offering a unique set of features.  productivity
App_456,health Description for App_456 offering a unique set of features.  health
App_457,art Description for App_457 offering a unique set of features.  art
App_458,well-being Description for App_458 offering a unique set of features.  well-being
App_459,fitness Description for App_459 offering a unique set of features.  fitness
App_460,lifestyle Description for App_460 offering a unique set of features.  lifestyle
App_461,language learning Description for App_461 offering a unique set of features.  language learning
App_462,news Description for App_462 offering a unique set of features.  news
App_463,coding Description for App_463 offering a unique set of features.  coding
App_464,learning Description for App_464 offering a unique set of features.  learning
App_465,gaming Description for App_465 offering a unique set of features.  gaming
App_466,investment Description for App_466 offering a unique set of features.  investment
App_467,education Description for App_467 offering a unique set of features.  education
App_468,lifestyle Description for App_468 offering a unique set of features.  lifestyle
App_469,health Description for App_469 offering a unique set of features.  health
App_470,meditation Description for App_470 offering a unique set of features.  meditation
App_471,education Description for App_471 offering a unique set of features.  education
App_472,design Description for App_472 offering a unique set of features.  design
App_473,finance Description for App_473 offering a unique set of features.  finance
App_474,language learning Description for App_474 offering a unique set of features.  language learning
App_475,entertainment Description for App_475 offering a unique set of features.  entertainment
App_476,productivity Description for App_476 offering a unique set of features.  productivity
App_477,travel Description for App_477 offering a unique set of features.  travel
App_478,lifestyle Description for App_478 offering a unique set of features.  lifestyle
App_479,productivity Description for App_479 offering a unique set of features.  productivity
App_480,yoga Description for App_480 offering a unique set of features.  yoga
App_481,coding Description for App_481 offering a unique set of features.  coding
App_482,entertainment Description for App_482 offering a unique set of features.  entertainment
App_483,technology Description for App_483 offering a unique set of features.  technology
App_484,sports Description for App_484 offering a unique set of features.  sports
App_485,news Description for App_485 offering a unique set of features.  news
App_486,technology Description for App_486 offering a unique set of features.  technology
App_487,design Description for App_487 offering a unique set of features.  design
App_488,technology Description for App_488 offering a unique set of features.  technology
App_489,shopping Description for App_489 offering a unique set of features.  shopping
App_490,art Description for App_490 offering a unique set of features.  art
App_491,gaming Description for App_491 offering a unique set of features.  gaming
App_492,investment Description for App_492 offering a unique set of features.  investment
App_493,productivity Description for App_493 offering a unique set of features.  productivity
App_494,productivity Description for App_494 offering a unique set of features.  productivity
App_495,coding Description for App_495 offering a unique set of features.  coding
App_496,cooking Description for App_496 offering a unique set of features.  cooking
App_497,investment Description for App_497 offering a unique set of features.  investment
App_498,coding Description for App_498 offering a unique set of features.  coding
App_499,learning Description for App_499 offering a unique set of features.  learning
App_500,lifestyle Description for App_500 offering a unique set of features.  lifestyle
App_501,cooking Description for App_501 offering a unique set of features.  cooking
App_502,entertainment Description for App_502 offering a unique set of features.  entertainment
App_503,cooking Description for App_503 offering a unique set of features.  cooking
App_504,shopping Description for App_504 offering a unique set of features.  shopping
App_505,lifestyle Description for App_505 offering a unique set of features.  lifestyle
App_506,lifestyle Description for App_506 offering a unique set of features.  lifestyle
App_507,shopping Description for App_507 offering a unique set of features.  shopping
App_508,sports Description for App_508 offering a unique set of features.  sports
App_509,entertainment Description for App_509 offering a unique set of features.  entertainment
App_510,travel Description for App_510 offering a unique set of features.  travel
App_511,education Description for App_511 offering a unique set of features.  education
App_512,shopping Description for App_512 offering a unique set of features.  shopping
App_513,cooking Description for App_513 offering a unique set of features.  cooking
App_514,music Description for App_514 offering a unique set of features.  music
App_515,well-being Description for App_515 offering a unique set of features.  well-being
App_516,productivity Description for App_516 offering a unique set of features.  productivity
App_517,productivity Description for App_517 offering a unique set of features.  productivity
App_518,lifestyle Description for App_518 offering a unique set of features.  lifestyle
App_519,design Description for App_519 offering a unique set of features.  design
App_520,entertainment Description for App_520 offering a unique set of features.  entertainment
App_521,lifestyle Description for App_521 offering a unique set of features.  lifestyle
App_522,investment Description for App_522 offering a unique set of features.  investment
App_523,music Description for App_523 offering a unique set of features.  music
App_524,coding Description for App_524 offering a unique set of features.  coding
App_525,meditation Description for App_525 offering a unique set of features.  meditation
App_526,learning Description for App_526 offering a unique set of features.  learning
App_527,art Description for App_527 offering a unique set of features.  art
App_528,health Description for App_528 offering a unique set of features.  health
App_529,sports Description for App_529 offering a unique set of features.  sports
App_530,coding Description for App_530 offering a unique set of features.  coding
App_531,productivity Description for App_531 offering a unique set of features.  productivity
App_532,investment Description for App_532 offering a unique set of features.  investment
App_533,shopping Description for App_533 offering a unique set of features.  shopping
App_534,music Description for App_534 offering a unique set of features.  music
App_535,cooking Description for App_535 offering a unique set of features.  cooking
App_536,lifestyle Description for App_536 offering a unique set of features.  lifestyle
App_537,coding Description for App_537 offering a unique set of features.  coding
App_538,fitness Description for App_538 offering a unique set of features.  fitness
App_539,meditation Description for App_539 offering a unique set of features.  meditation
App_540,art Description for App_540 offering a unique set of features.  art
App_541,health Description for App_541 offering a unique set of features.  health
App_542,education Description for App_542 offering a unique set of features.  education
App_543,art Description for App_543 offering a unique set of features.  art
App_544,yoga Description for App_544 offering a unique set of features.  yoga
App_545,learning Description for App_545 offering a unique set of features.  learning
App_546,shopping Description for App_546 offering a unique set of features.  shopping
App_547,news Description for App_547 offering a unique set of features.  news
App_548,health Description for App_548 offering a unique set of features.  health
App_549,travel Description for App_549 offering a unique set of features.  travel
App_550,art Description for App_550 offering a unique set of features.  art
App_551,news Description for App_551 offering a unique set of features.  news
App_552,cooking Description for App_552 offering a unique set of features.  cooking
App_553,language learning Description for App_553 offering a unique set of features.  language learning
App_554,fitness Description for App_554 offering a unique set of features.  fitness
App_555,language learning Description for App_555 offering a unique set of features.  language learning
App_556,finance Description for App_556 offering a unique set of features.  finance
App_557,well-being Description for App_557 offering a unique set of features.  well-being
App_558,photography Description for App_558 offering a unique set of features.  photography
App_559,news Description for App_559 offering a unique set of features.  news
App_560,technology Description for App_560 offering a unique set of features.  technology
App_561,design Description for App_561 offering a unique set of features.  design
App_562,photography Description for App_562 offering a unique set of features.  photography
App_563,gaming Description for App_563 offering a unique set of features.  gaming
App_564,travel Description for App_564 offering a unique set of features.  travel
App_565,well-being Description for App_565 offering a unique set of features.  well-being
App_566,shopping Description for App_566 offering a unique set of features.  shopping
App_567,art Description for App_567 offering a unique set of features.  art
App_568,art Description for App_568 offering a unique set of features.  art
App_569,health Description for App_569 offering a unique set of features.  health
App_570,language learning Description for App_570 offering a unique set of features.  language learning
App_571,music Description for App_571 offering a unique set of features.  music
App_572,yoga Description for App_572 offering a unique set of features.  yoga
App_573,gaming Description for App_573 offering a unique set of features.  gaming
App_574,learning Description for App_574 offering a unique set of features.  learning
App_575,travel Description for App_575 offering a unique set of features.  travel
App_576,fitness Description for App_576 offering a unique set of features.  fitness
App_577,language learning Description for App_577 offering a unique set of features.  language learning
App_578,travel Description for App_578 offering a unique set of features.  travel
App_579,sports Description for App_579 offering a unique set of features.  sports
App_580,music Description for App_580 offering a unique set of features.  music
App_581,yoga Description for App_581 offering a unique set of features.  yoga
App_582,learning Description for App_582 offering a unique set of features.  learning
App_583,education Description for App_583 offering a unique set of features.  education
App_584,entertainment Description for App_584 offering a unique set of features.  entertainment
App_585,news Description for App_585 offering a unique set of features.  news
App_586,art Description for App_586 offering a unique set of features.  art
App_587,art Description for App_587 offering a unique set of features.  art
App_588,productivity Description for App_588 offering a unique set of features.  productivity
App_589,productivity Description for App_589 offering a unique set of features.  productivity
App_590,meditation Description for App_590 offering a unique set of features.  meditation
App_591,lifestyle Description for App_591 offering a unique set of features.  lifestyle
App_592,education Description for App_592 offering a unique set of features.  education
App_593,language learning Description for App_593 offering a unique set of features.  language learning
App_594,photography Description for App_594 offering a unique set of features.  photography
App_595,design Description for App_595 offering a unique set of features.  design
App_596,education Description for App_596 offering a unique set of features.  education
App_597,finance Description for App_597 offering a unique set of features.  finance
App_598,technology Description for App_598 offering a unique set of features.  technology
App_599,shopping Description for App_599 offering a unique set of features.  shopping
App_600,shopping Description for App_600 offering a unique set of features.  shopping
App_601,coding Description for App_601 offering a unique set of features.  coding
App_602,coding Description for App_602 offering a unique set of features.  coding
App_603,productivity Description for App_603 offering a unique set of features.  productivity
App_604,investment Description for App_604 offering a unique set of features.  investment
App_605,cooking Description for App_605 offering a unique set of features.  cooking
App_606,news Description for App_606 offering a unique set of features.  news
App_607,travel Description for App_607 offering a unique set of features.  travel
App_608,music Description for App_608 offering a unique set of features.  music
App_609,finance Description for App_609 offering a unique set of features.  finance
App_610,entertainment Description for App_610 offering a unique set of features.  entertainment
App_611,learning Description for App_611 offering a unique set of features.  learning
App_612,entertainment Description for App_612 offering a unique set of features.  entertainment
App_613,entertainment Description for App_613 offering a unique set of features.  entertainment
App_614,health Description for App_614 offering a unique set of features.  health
App_615,learning Description for App_615 offering a unique set of features.  learning
App_616,gaming Description for App_616 offering a unique set of features.  gaming
App_617,language learning Description for App_617 offering a unique set of features.  language learning
App_618,sports Description for App_618 offering a unique set of features.  sports
App_619,cooking Description for App_619 offering a unique set of features.  cooking
App_620,entertainment Description for App_620 offering a unique set of features.  entertainment
App_621,gaming Description for App_621 offering a unique set of features.  gaming
App_622,entertainment Description for App_622 offering a unique set of features.  entertainment
App_623,music Description for App_623 offering a unique set of features.  music
App_624,technology Description for App_624 offering a unique set of features.  technology
App_625,shopping Description for App_625 offering a unique set of features.  shopping
App_626,language learning Description for App_626 offering a unique set of features.  language learning
App_627,music Description for App_627 offering a unique set of features.  music
App_628,cooking Description for App_628 offering a unique set of features.  cooking
App_629,coding Description for App_629 offering a unique set of features.  coding
App_630,cooking Description for App_630 offering a unique set of features.  cooking
App_631,well-being Description for App_631 offering a unique set of features.  well-being
App_632,investment Description for App_632 offering a unique set of features.  investment
App_633,language learning Description for App_633 offering a unique set of features.  language learning
App_634,technology Description for App_634 offering a unique set of features.  technology
App_635,cooking Description for App_635 offering a unique set of features.  cooking
App_636,cooking Description for App_636 offering a unique set of features.  cooking
App_637,health Description for App_637 offering a unique set of features.  health
App_638,entertainment Description for App_638 offering a unique set of features.  entertainment
App_639,photography Description for App_639 offering a unique set of features.  photography
App_640,health Description for App_640 offering a unique set of features.  health
App_641,fitness Description for App_641 offering a unique set of features.  fitness
App_642,finance Description for App_642 offering a unique set of features.  finance
App_643,productivity Description for App_643 offering a unique set of features.  productivity
App_644,entertainment Description for App_644 offering a unique set of features.  entertainment
App_645,learning Description for App_645 offering a unique set of features.  learning
App_646,meditation Description for App_646 offering a unique set of features.  meditation
App_647,coding Description for App_647 offering a unique set of features.  coding
App_648,news Description for App_648 offering a unique set of features.  news
App_649,meditation Description for App_649 offering a unique set of features.  meditation
App_650,travel Description for App_650 offering a unique set of features.  travel
App_651,finance Description for App_651 offering a unique set of features.  finance
App_652,well-being Description for App_652 offering a unique set of features.  well-being
App_653,photography Description for App_653 offering a unique set of features.  photography
App_654,language learning Description for App_654 offering a unique set of features.  language learning
App_655,education Description for App_655 offering a unique set of features.  education
App_656,music Description for App_656 offering a unique set of features.  music
App_657,finance Description for App_657 offering a unique set of features.  finance
App_658,productivity Description for App_658 offering a unique set of features.  productivity
App_659,learning Description for App_659 offering a unique set of features.  learning
App_660,news Description for App_660 offering a unique set of features.  news
App_661,design Description for App_661 offering a unique set of features.  design
App_662,lifestyle Description for App_662 offering a unique set of features.  lifestyle
App_663,productivity Description for App_663 offering a unique set of features.  productivity
App_664,design Description for App_664 offering a unique set of features.  design
App_665,well-being Description for App_665 offering a unique set of features.  well-being
App_666,entertainment Description for App_666 offering a unique set of features.  entertainment
App_667,technology Description for App_667 offering a unique set of features.  technology
App_668,finance Description for App_668 offering a unique set of features.  finance
App_669,music Description for App_669 offering a unique set of features.  music
App_670,technology Description for App_670 offering a unique set of features.  technology
App_671,yoga Description for App_671 offering a unique set of features.  yoga
App_672,coding Description for App_672 offering a unique set of features.  coding
App_673,well-being Description for App_673 offering a unique set of features.  well-being
App_674,yoga Description for App_674 offering a unique set of features.  yoga
App_675,fitness Description for App_675 offering a unique set of features.  fitness
App_676,travel Description for App_676 offering a unique set of features.  travel
App_677,language learning Description for App_677 offering a unique set of features.  language learning
App_678,Stocks Description for App_678 offering a unique set of features.  Stocks
App_679,finance Description for App_679 offering a unique set of features.  finance
App_680,Shares Description for App_680 offering a unique set of features.  Shares
App_681,technology Description for App_681 offering a unique set of features.  technology
App_682,travel Description for App_682 offering a unique set of features.  travel
App_683,coding Description for App_683 offering a unique set of features.  coding
App_684,finance Description for App_684 offering a unique set of features.  finance
App_685,productivity Description for App_685 offering a unique set of features.  productivity
App_686,lifestyle Description for App_686 offering a unique set of features.  lifestyle
App_687,sports Description for App_687 offering a unique set of features.  sports
App_688,design Description for App_688 offering a unique set of features.  design
App_689,lifestyle Description for App_689 offering a unique set of features.  lifestyle
App_690,well-being Description for App_690 offering a unique set of features.  well-being
App_691,cooking Description for App_691 offering a unique set of features.  cooking
App_692,lifestyle Description for App_692 offering a unique set of features.  lifestyle
App_693,coding Description for App_693 offering a unique set of features.  coding
App_694,travel Description for App_694 offering a unique set of features.  travel
App_695,art Description for App_695 offering a unique set of features.  art
App_696,fitness Description for App_696 offering a unique set of features.  fitness
App_697,technology Description for App_697 offering a unique set of features.  technology
App_698,entertainment Description for App_698 offering a unique set of features.  entertainment
App_699,health Description for App_699 offering a unique set of features.  health
App_700,well-being Description for App_700 offering a unique set of features.  well-being
App_701,language learning Description for App_701 offering a unique set of features.  language learning
App_702,health Description for App_702 offering a unique set of features.  health
App_703,lifestyle Description for App_703 offering a unique set of features.  lifestyle
App_704,well-being Description for App_704 offering a unique set of features.  well-being
App_705,art Description for App_705 offering a unique set of features.  art
App_706,productivity Description for App_706 offering a unique set of features.  productivity
App_707,investment Description for App_707 offering a unique set of features.  investment
App_708,music Description for App_708 offering a unique set of features.  music
App_709,coding Description for App_709 offering a unique set of features.  coding
App_710,well-being Description for App_710 offering a unique set of features.  well-being
App_711,finance Description for App_711 offering a unique set of features.  finance
App_712,photography Description for App_712 offering a unique set of features.  photography
App_713,gaming Description for App_713 offering a unique set of features.  gaming
App_714,learning Description for App_714 offering a unique set of features.  learning
App_715,well-being Description for App_715 offering a unique set of features.  well-being
App_716,coding Description for App_716 offering a unique set of features.  coding
App_717,cooking Description for App_717 offering a unique set of features.  cooking
App_718,art Description for App_718 offering a unique set of features.  art
App_719,finance Description for App_719 offering a unique set of features.  finance
App_720,language learning Description for App_720 offering a unique set of features.  language learning
App_721,photography Description for App_721 offering a unique set of features.  photography
App_722,shopping Description for App_722 offering a unique set of features.  shopping
App_723,gaming Description for App_723 offering a unique set of features.  gaming
App_724,yoga Description for App_724 offering a unique set of features.  yoga
App_725,meditation Description for App_725 offering a unique set of features.  meditation
App_726,cooking Description for App_726 offering a unique set of features.  cooking
App_727,education Description for App_727 offering a unique set of features.  education
App_728,yoga Description for App_728 offering a unique set of features.  yoga
App_729,gaming Description for App_729 offering a unique set of features.  gaming
App_730,photography Description for App_730 offering a unique set of features.  photography
App_731,photography Description for App_731 offering a unique set of features.  photography
App_732,language learning Description for App_732 offering a unique set of features.  language learning
App_733,technology Description for App_733 offering a unique set of features.  technology
App_734,education Description for App_734 offering a unique set of features.  education
App_735,learning Description for App_735 offering a unique set of features.  learning
App_736,health Description for App_736 offering a unique set of features.  health
App_737,music Description for App_737 offering a unique set of features.  music
App_738,gaming Description for App_738 offering a unique set of features.  gaming
App_739,learning Description for App_739 offering a unique set of features.  learning
App_740,gaming Description for App_740 offering a unique set of features.  gaming
App_741,news Description for App_741 offering a unique set of features.  news
App_742,health Description for App_742 offering a unique set of features.  health
App_743,cooking Description for App_743 offering a unique set of features.  cooking
App_744,yoga Description for App_744 offering a unique set of features.  yoga
App_745,photography Description for App_745 offering a unique set of features.  photography
App_746,news Description for App_746 offering a unique set of features.  news
App_747,learning Description for App_747 offering a unique set of features.  learning
App_748,language learning Description for App_748 offering a unique set of features.  language learning
App_749,lifestyle Description for App_749 offering a unique set of features.  lifestyle
App_750,learning Description for App_750 offering a unique set of features.  learning
App_751,fitness Description for App_751 offering a unique set of features.  fitness
App_752,coding Description for App_752 offering a unique set of features.  coding
App_753,entertainment Description for App_753 offering a unique set of features.  entertainment
App_754,entertainment Description for App_754 offering a unique set of features.  entertainment
App_755,art Description for App_755 offering a unique set of features.  art
App_756,entertainment Description for App_756 offering a unique set of features.  entertainment
App_757,lifestyle Description for App_757 offering a unique set of features.  lifestyle
App_758,technology Description for App_758 offering a unique set of features.  technology
App_759,cooking Description for App_759 offering a unique set of features.  cooking
App_760,coding Description for App_760 offering a unique set of features.  coding
App_761,travel Description for App_761 offering a unique set of features.  travel
App_762,travel Description for App_762 offering a unique set of features.  travel
App_763,lifestyle Description for App_763 offering a unique set of features.  lifestyle
App_764,education Description for App_764 offering a unique set of features.  education
App_765,fitness Description for App_765 offering a unique set of features.  fitness
App_766,technology Description for App_766 offering a unique set of features.  technology
App_767,shopping Description for App_767 offering a unique set of features.  shopping
App_768,news Description for App_768 offering a unique set of features.  news
App_769,entertainment Description for App_769 offering a unique set of features.  entertainment
App_770,investment Description for App_770 offering a unique set of features.  investment
App_771,shopping Description for App_771 offering a unique set of features.  shopping
App_772,finance Description for App_772 offering a unique set of features.  finance
App_773,coding Description for App_773 offering a unique set of features.  coding
App_774,cooking Description for App_774 offering a unique set of features.  cooking
App_775,coding Description for App_775 offering a unique set of features.  coding
App_776,investment Description for App_776 offering a unique set of features.  investment
App_777,sports Description for App_777 offering a unique set of features.  sports
App_778,meditation Description for App_778 offering a unique set of features.  meditation
App_779,yoga Description for App_779 offering a unique set of features.  yoga
App_780,lifestyle Description for App_780 offering a unique set of features.  lifestyle
App_781,art Description for App_781 offering a unique set of features.  art
App_782,gaming Description for App_782 offering a unique set of features.  gaming
App_783,design Description for App_783 offering a unique set of features.  design
App_784,cooking Description for App_784 offering a unique set of features.  cooking
App_785,health Description for App_785 offering a unique set of features.  health
App_786,health Description for App_786 offering a unique set of features.  health
App_787,technology Description for App_787 offering a unique set of features.  technology
App_788,education Description for App_788 offering a unique set of features.  education
App_789,design Description for App_789 offering a unique set of features.  design
App_790,language learning Description for App_790 offering a unique set of features.  language learning
App_791,sports Description for App_791 offering a unique set of features.  sports
App_792,design Description for App_792 offering a unique set of features.  design
App_793,design Description for App_793 offering a unique set of features.  design
App_794,entertainment Description for App_794 offering a unique set of features.  entertainment
App_795,language learning Description for App_795 offering a unique set of features.  language learning
App_796,education Description for App_796 offering a unique set of features.  education
App_797,investment Description for App_797 offering a unique set of features.  investment
App_798,technology Description for App_798 offering a unique set of features.  technology
App_799,meditation Description for App_799 offering a unique set of features.  meditation
App_800,travel Description for App_800 offering a unique set of features.  travel
App_801,yoga Description for App_801 offering a unique set of features.  yoga
App_802,meditation Description for App_802 offering a unique set of features.  meditation
App_803,well-being Description for App_803 offering a unique set of features.  well-being
App_804,meditation Description for App_804 offering a unique set of features.  meditation
App_805,learning Description for App_805 offering a unique set of features.  learning
App_806,lifestyle Description for App_806 offering a unique set of features.  lifestyle
App_807,shopping Description for App_807 offering a unique set of features.  shopping
App_808,yoga Description for App_808 offering a unique set of features.  yoga
App_809,well-being Description for App_809 offering a unique set of features.  well-being
App_810,finance Description for App_810 offering a unique set of features.  finance
App_811,sports Description for App_811 offering a unique set of features.  sports
App_812,finance Description for App_812 offering a unique set of features.  finance
App_813,music Description for App_813 offering a unique set of features.  music
App_814,news Description for App_814 offering a unique set of features.  news
App_815,gaming Description for App_815 offering a unique set of features.  gaming
App_816,lifestyle Description for App_816 offering a unique set of features.  lifestyle
App_817,travel Description for App_817 offering a unique set of features.  travel
App_818,finance Description for App_818 offering a unique set of features.  finance
App_819,music Description for App_819 offering a unique set of features.  music
App_820,travel Description for App_820 offering a unique set of features.  travel
App_821,news Description for App_821 offering a unique set of features.  news
App_822,travel Description for App_822 offering a unique set of features.  travel
App_823,design Description for App_823 offering a unique set of features.  design
App_824,fitness Description for App_824 offering a unique set of features.  fitness
App_825,photography Description for App_825 offering a unique set of features.  photography
App_826,meditation Description for App_826 offering a unique set of features.  meditation
App_827,yoga Description for App_827 offering a unique set of features.  yoga
App_828,fitness Description for App_828 offering a unique set of features.  fitness
App_829,gaming Description for App_829 offering a unique set of features.  gaming
App_830,entertainment Description for App_830 offering a unique set of features.  entertainment
App_831,shopping Description for App_831 offering a unique set of features.  shopping
App_832,education Description for App_832 offering a unique set of features.  education
App_833,productivity Description for App_833 offering a unique set of features.  productivity
App_834,coding Description for App_834 offering a unique set of features.  coding
App_835,education Description for App_835 offering a unique set of features.  education
App_836,photography Description for App_836 offering a unique set of features.  photography
App_837,shopping Description for App_837 offering a unique set of features.  shopping
App_838,learning Description for App_838 offering a unique set of features.  learning
App_839,meditation Description for App_839 offering a unique set of features.  meditation
App_840,meditation Description for App_840 offering a unique set of features.  meditation
App_841,health Description for App_841 offering a unique set of features.  health
App_842,finance Description for App_842 offering a unique set of features.  finance
App_843,health Description for App_843 offering a unique set of features.  health
App_844,education Description for App_844 offering a unique set of features.  education
App_845,education Description for App_845 offering a unique set of features.  education
App_846,learning Description for App_846 offering a unique set of features.  learning
App_847,news Description for App_847 offering a unique set of features.  news
App_848,meditation Description for App_848 offering a unique set of features.  meditation
App_849,photography Description for App_849 offering a unique set of features.  photography
App_850,fitness Description for App_850 offering a unique set of features.  fitness
App_851,music Description for App_851 offering a unique set of features.  music
App_852,sports Description for App_852 offering a unique set of features.  sports
App_853,language learning Description for App_853 offering a unique set of features.  language learning
App_854,design Description for App_854 offering a unique set of features.  design
App_855,productivity Description for App_855 offering a unique set of features.  productivity
App_856,entertainment Description for App_856 offering a unique set of features.  entertainment
App_857,well-being Description for App_857 offering a unique set of features.  well-being
App_858,shopping Description for App_858 offering a unique set of features.  shopping
App_859,education Description for App_859 offering a unique set of features.  education
App_860,language learning Description for App_860 offering a unique set of features.  language learning
App_861,music Description for App_861 offering a unique set of features.  music
App_862,yoga Description for App_862 offering a unique set of features.  yoga
App_863,technology Description for App_863 offering a unique set of features.  technology
App_864,lifestyle Description for App_864 offering a unique set of features.  lifestyle
App_865,learning Description for App_865 offering a unique set of features.  learning
App_866,finance Description for App_866 offering a unique set of features.  finance
App_867,art Description for App_867 offering a unique set of features.  art
App_868,investment Description for App_868 offering a unique set of features.  investment
App_869,sports Description for App_869 offering a unique set of features.  sports
App_870,gaming Description for App_870 offering a unique set of features.  gaming
App_871,meditation Description for App_871 offering a unique set of features.  meditation
App_872,lifestyle Description for App_872 offering a unique set of features.  lifestyle
App_873,well-being Description for App_873 offering a unique set of features.  well-being
App_874,finance Description for App_874 offering a unique set of features.  finance
App_875,yoga Description for App_875 offering a unique set of features.  yoga
App_876,meditation Description for App_876 offering a unique set of features.  meditation
App_877,photography Description for App_877 offering a unique set of features.  photography
App_878,productivity Description for App_878 offering a unique set of features.  productivity
App_879,coding Description for App_879 offering a unique set of features.  coding
App_880,news Description for App_880 offering a unique set of features.  news
App_881,meditation Description for App_881 offering a unique set of features.  meditation
App_882,music Description for App_882 offering a unique set of features.  music
App_883,language learning Description for App_883 offering a unique set of features.  language learning
App_884,sports Description for App_884 offering a unique set of features.  sports
App_885,fitness Description for App_885 offering a unique set of features.  fitness
App_886,investment Description for App_886 offering a unique set of features.  investment
App_887,investment Description for App_887 offering a unique set of features.  investment
App_888,design Description for App_888 offering a unique set of features.  design
App_889,technology Description for App_889 offering a unique set of features.  technology
App_890,technology Description for App_890 offering a unique set of features.  technology
App_891,sports Description for App_891 offering a unique set of features.  sports
App_892,lifestyle Description for App_892 offering a unique set of features.  lifestyle
App_893,design Description for App_893 offering a unique set of features.  design
App_894,shopping Description for App_894 offering a unique set of features.  shopping
App_895,entertainment Description for App_895 offering a unique set of features.  entertainment
App_896,coding Description for App_896 offering a unique set of features.  coding
App_897,design Description for App_897 offering a unique set of features.  design
App_898,sports Description for App_898 offering a unique set of features.  sports
App_899,yoga Description for App_899 offering a unique set of features.  yoga
App_900,technology Description for App_900 offering a unique set of features.  technology
App_901,meditation Description for App_901 offering a unique set of features.  meditation
App_902,travel Description for App_902 offering a unique set of features.  travel
App_903,entertainment Description for App_903 offering a unique set of features.  entertainment
App_904,yoga Description for App_904 offering a unique set of features.  yoga
App_905,cooking Description for App_905 offering a unique set of features.  cooking
App_906,cooking Description for App_906 offering a unique set of features.  cooking
App_907,coding Description for App_907 offering a unique set of features.  coding
App_908,productivity Description for App_908 offering a unique set of features.  productivity
App_909,sports Description for App_909 offering a unique set of features.  sports
App_910,language learning Description for App_910 offering a unique set of features.  language learning
App_911,photography Description for App_911 offering a unique set of features.  photography
App_912,well-being Description for App_912 offering a unique set of features.  well-being
App_913,fitness Description for App_913 offering a unique set of features.  fitness
App_914,language learning Description for App_914 offering a unique set of features.  language learning
App_915,photography Description for App_915 offering a unique set of features.  photography
App_916,education Description for App_916 offering a unique set of features.  education
App_917,music Description for App_917 offering a unique set of features.  music
App_918,news Description for App_918 offering a unique set of features.  news
App_919,learning Description for App_919 offering a unique set of features.  learning
App_920,productivity Description for App_920 offering a unique set of features.  productivity
App_921,health Description for App_921 offering a unique set of features.  health
App_922,sports Description for App_922 offering a unique set of features.  sports
App_923,art Description for App_923 offering a unique set of features.  art
App_924,finance Description for App_924 offering a unique set of features.  finance
App_925,design Description for App_925 offering a unique set of features.  design
App_926,photography Description for App_926 offering a unique set of features.  photography
App_927,health Description for App_927 offering a unique set of features.  health
App_928,lifestyle Description for App_928 offering a unique set of features.  lifestyle
App_929,travel Description for App_929 offering a unique set of features.  travel
App_930,gaming Description for App_930 offering a unique set of features.  gaming
App_931,finance Description for App_931 offering a unique set of features.  finance
App_932,meditation Description for App_932 offering a unique set of features.  meditation
App_933,meditation Description for App_933 offering a unique set of features.  meditation
App_934,design Description for App_934 offering a unique set of features.  design
App_935,shopping Description for App_935 offering a unique set of features.  shopping
App_936,travel Description for App_936 offering a unique set of features.  travel
App_937,cooking Description for App_937 offering a unique set of features.  cooking
App_938,fitness Description for App_938 offering a unique set of features.  fitness
App_939,shopping Description for App_939 offering a unique set of features.  shopping
App_940,design Description for App_940 offering a unique set of features.  design
App_941,education Description for App_941 offering a unique set of features.  education
App_942,health Description for App_942 offering a unique set of features.  health
App_943,productivity Description for App_943 offering a unique set of features.  productivity
App_944,art Description for App_944 offering a unique set of features.  art
App_945,art Description for App_945 offering a unique set of features.  art
App_946,gaming Description for App_946 offering a unique set of features.  gaming
App_947,sports Description for App_947 offering a unique set of features.  sports
App_948,cooking Description for App_948 offering a unique set of features.  cooking
App_949,health Description for App_949 offering a unique set of features.  health
App_950,meditation Description for App_950 offering a unique set of features.  meditation
App_951,yoga Description for App_951 offering a unique set of features.  yoga
App_952,design Description for App_952 offering a unique set of features.  design
App_953,investment Description for App_953 offering a unique set of features.  investment
App_954,photography Description for App_954 offering a unique set of features.  photography
App_955,design Description for App_955 offering a unique set of features.  design
App_956,news Description for App_956 offering a unique set of features.  news
App_957,art Description for App_957 offering a unique set of features.  art
App_958,learning Description for App_958 offering a unique set of features.  learning
App_959,shopping Description for App_959 offering a unique set of features.  shopping
App_960,yoga Description for App_960 offering a unique set of features.  yoga
App_961,gaming Description for App_961 offering a unique set of features.  gaming
App_962,health Description for App_962 offering a unique set of features.  health
App_963,education Description for App_963 offering a unique set of features.  education
App_964,photography Description for App_964 offering a unique set of features.  photography
App_965,photography Description for App_965 offering a unique set of features.  photography
App_966,news Description for App_966 offering a unique set of features.  news
App_967,photography Description for App_967 offering a unique set of features.  photography
App_968,fitness Description for App_968 offering a unique set of features.  fitness
App_969,music Description for App_969 offering a unique set of features.  music
App_970,lifestyle Description for App_970 offering a unique set of features.  lifestyle
App_971,entertainment Description for App_971 offering a unique set of features.  entertainment
App_972,language learning Description for App_972 offering a unique set of features.  language learning
App_973,news Description for App_973 offering a unique set of features.  news
App_974,fitness Description for App_974 offering a unique set of features.  fitness
App_975,shopping Description for App_975 offering a unique set of features.  shopping
App_976,design Description for App_976 offering a unique set of features.  design
App_977,education Description for App_977 offering a unique set of features.  education
App_978,travel Description for App_978 offering a unique set of features.  travel
App_979,travel Description for App_979 offering a unique set of features.  travel
App_980,shopping Description for App_980 offering a unique set of features.  shopping
App_981,gaming Description for App_981 offering a unique set of features.  gaming
App_982,art Description for App_982 offering a unique set of features.  art
App_983,productivity Description for App_983 offering a unique set of features.  productivity
App_984,well-being Description for App_984 offering a unique set of features.  well-being
App_985,productivity Description for App_985 offering a unique set of features.  productivity
App_986,learning Description for App_986 offering a unique set of features.  learning
App_987,education Description for App_987 offering a unique set of features.  education
App_988,cooking Description for App_988 offering a unique set of features.  cooking
App_989,meditation Description for App_989 offering a unique set of features.  meditation
App_990,art Description for App_990 offering a unique set of features.  art
App_991,cooking Description for App_991 offering a unique set of features.  cooking
App_992,news Description for App_992 offering a unique set of features.  news
App_993,art Description for App_993 offering a unique set of features.  art
App_994,investment Description for App_994 offering a unique set of features.  investment
App_995,education Description for App_995 offering a unique set of features.  education
App_996,well-being Description for App_996 offering a unique set of features.  well-being
App_997,fitness Description for App_997 offering a unique set of features.  fitness
App_998,health Description for App_998 offering a unique set of features.  health
App_999,fitness Description for App_999 offering a unique set of features.  fitness
